func_name;id;size;handlers
ticket_role;0;1;1
get_object_or_404;1;1;2
get_list_or_404;2;1;1
resolve_url;3;1;1
_BaseCookie__set;4;1;1
get_signed_cookie;5;1;1
get_signed_cookie;6;1;1
scheme;7;1;1
body;8;1;1
_load_post_and_files;9;1;1
read;10;1;1
readline;11;1;1
__init__;12;1;1
__init__;13;1;1
__init__;14;1;1
parse;15;0;1
parse;16;2;1
parse;17;1;1
parse;18;1;1
parse;19;0;1
parse;20;0;1
parse;21;1;1
read;22;1;1
__next__;23;1;1
__next__;24;1;1
exhaust;25;1;1
parse_boundary_stream;26;1;1
parse_boundary_stream;27;1;1
_convert_to_charset;28;0;1
__delitem__;29;1;1
close;30;0;1
content;31;0;1
__init__;32;1;1
__init__;33;1;1
process_view;34;1;1
process_view;35;1;1
get_callable;36;1;1
get_callable;37;1;1
get_mod_func;38;1;1
reverse;39;1;1
reverse;40;2;1
clear_script_prefix;41;1;1
is_valid_path;42;1;1
translate_url;43;1;1
translate_url;44;1;1
regex;45;1;1
resolve;46;1;1
url_patterns;47;0;1
get_max_age;48;1;1
get_conditional_response;49;1;1
is_valid_ipv6_address;50;0;1
is_valid_ipv6_address;51;0;1
emit;52;2;1
get_git_changeset;53;1;1
discard;54;0;1
__getitem__;55;1;1
__getitem__;56;1;1
get;57;1;1
getlist;58;1;1
update;59;0;1
symlinks_supported;60;1;1
code_changed;61;1;1
check_errors;62;0;1
python_reloader;63;0;1
python_reloader;64;1;1
func_accepts_kwargs;65;1;1
func_accepts_kwargs;66;1;1
is_iterable;67;0;1
import_string;68;1;1
import_string;69;1;1
autodiscover_modules;70;0;1
module_has_submodule;71;2;1
module_has_submodule;72;1;1
module_has_submodule;73;1;1
module_has_submodule;74;1;1
module_has_submodule;75;2;1
module_has_submodule;76;1;1
module_has_submodule;77;2;1
_truncate_html;78;1;1
_replace_entity;79;1;1
_replace_entity;80;1;1
iter_format_modules;81;0;1
get_format;82;1;1
get_format;83;3;1
normalize;84;1;1
normalize;85;0;2
get_quantifier;86;1;1
get_quantifier;87;1;1
e;88;0;1
T;89;1;1
Z;90;1;1
I;91;0;1
force_text;92;0;1
force_bytes;93;0;1
repercent_broken_unicode;94;0;1
get_system_encoding;95;1;1
_archive_cls;96;1;1
extract;97;1;1
_isdst;98;1;1
_get_timezone_name;99;1;1
make_middleware_decorator;100;1;1
parse_http_date;101;8;1
parse_http_date_safe;102;1;1
urlsafe_base64_decode;103;1;1
is_safe_url;104;1;1
_strip_once;105;0;1
_strip_once;106;0;1
smart_urlquote;107;1;1
smart_urlquote;108;1;1
urlize;109;1;1
__get__;110;0;1
__get_module;111;1;1
load_module;112;1;1
remove_move;113;0;1
remove_move;114;1;1
_add_installed_apps_translations;115;1;1
get_language;116;1;1
get_supported_language_variant;117;0;1
get_language_from_path;118;1;1
get_language_from_request;119;1;1
get_language_from_request;120;1;1
get_language_from_request;121;1;1
parse_accept_lang_header;122;1;1
lazy_number;123;1;1
lazy_number;124;1;1
get_language_info;125;1;1
get_language_info;126;1;1
create;127;1;1
create;128;1;1
create;129;1;1
create;130;1;1
get_model;131;1;1
get_app_config;132;1;1
lazy_model_operation;133;1;1
load_backend;134;1;1
load_backend;135;1;1
ensure_defaults;136;1;1
prepare_test_settings;137;1;1
close_all;138;1;1
_router_func;139;1;1
allow_relation;140;1;1
allow_migrate;141;1;1
__exit__;142;0;1
__exit__;143;0;1
__exit__;144;0;1
__exit__;145;0;1
__exit__;146;0;1
__exit__;147;0;1
_non_atomic_requests;148;0;1
__exit__;149;0;1
executemany;150;1;1
execute;151;1;1
executemany;152;1;1
_rollback;153;0;1
is_usable;154;0;1
_clone_test_db;155;0;1
_clone_test_db;156;0;1
datetime_trunc_sql;157;1;1
_create_test_db;158;0;1
_create_test_db;159;0;1
prepare_sql_script;160;0;1
supports_stddev;161;1;1
_setup_environment;162;0;1
init_connection_state;163;0;1
init_connection_state;164;1;1
_commit;165;1;1
is_usable;166;0;1
oracle_version;167;1;1
_format_params;168;1;1
execute;169;1;1
executemany;170;1;1
close;171;0;1
_create_test_db;172;0;1
_create_test_db;173;0;2
_create_test_db;174;0;1
_create_test_db;175;0;1
_create_test_db;176;0;1
_handle_objects_preventing_db_destruction;177;0;1
_handle_objects_preventing_db_destruction;178;0;1
_execute_statements;179;0;1
_execute_allow_fail_statements;180;2;1
alter_field;181;0;1
_parse_version;182;1;1
get_new_connection;183;1;1
is_usable;184;0;1
_nodb_connection;185;0;1
runshell_db;186;1;1
_clone_test_db;187;0;1
_clone_test_db;188;0;1
_sqlite_date_extract;189;1;1
_sqlite_date_trunc;190;1;1
_sqlite_datetime_parse;191;1;1
_sqlite_time_extract;192;1;1
_sqlite_format_dtdelta;193;2;1
__getitem__;194;1;1
get_relations;195;1;1
_create_test_db;196;0;1
_clone_test_db;197;0;1
_clone_test_db;198;0;1
quote_value;199;1;2
check_expression_support;200;1;1
supports_stddev;201;1;1
make_model_tuple;202;2;1
__init__;203;2;1
__init__;204;1;1
__init__;205;1;1
__init__;206;0;1
__repr__;207;1;1
serializable_value;208;1;1
save;209;0;1
_get_next_or_previous_by_FIELD;210;1;1
full_clean;211;0;1
full_clean;212;0;1
full_clean;213;0;1
clean_fields;214;0;1
_check_swappable;215;0;2
_check_local_fields;216;1;1
as_sql;217;1;1
as_sql;218;1;1
compile;219;1;1
as_sqlite;220;0;1
process_rhs;221;1;1
as_sql;222;0;1
normalize_together;223;2;1
_prepare;224;1;1
add_field;225;0;1
swapped;226;1;1
base_manager;227;1;1
default_manager;228;1;1
_forward_fields_map;229;1;1
fields_map;230;1;1
get_field;231;1;1
get_field;232;1;1
_get_fields;233;1;1
__get__;234;1;1
_get_lookup;235;1;2
__iter__;236;1;1
aggregate;237;0;1
get_or_create;238;1;1
update_or_create;239;1;1
_create_object_from_params;240;1;1
_create_object_from_params;241;1;1
annotate;242;0;1
columns;243;2;1
prefetch_related_objects;244;1;1
prefetch_related_objects;245;1;1
prefetch_one_level;246;0;1
prefetch_one_level;247;1;1
run_validators;248;0;1
db_check;249;1;1
db_type;250;1;1
to_python;251;1;1
to_python;252;1;1
to_python;253;1;1
to_python;254;1;1
get_prep_value;255;1;1
_check_decimal_places;256;1;2
_check_max_digits;257;1;2
to_python;258;1;1
to_python;259;1;1
to_python;260;1;1
to_python;261;1;1
get_prep_value;262;1;1
to_python;263;1;1
get_db_prep_value;264;1;1
to_python;265;1;1
_check_image_library_installed;266;0;1
get_normalized_value;267;0;1
__get__;268;1;1
__get__;269;1;1
__get__;270;1;1
__set__;271;1;1
create_reverse_many_to_one_manager;272;1;1
create_forward_many_to_many_manager;273;1;1
_check_unique_target;274;0;1
__init__;275;0;1
__init__;276;0;1
_check_relationship_model;277;1;1
get_from_clause;278;1;1
execute_sql;279;1;1
execute_sql;280;0;1
as_sql;281;1;1
get_aggregation;282;0;1
build_filter;283;2;1
names_to_path;284;1;1
names_to_path;285;1;1
add_fields;286;0;2
get_loaded_field_names;287;1;1
reload_model;288;1;1
reload_model;289;1;1
reload_model;290;1;1
render_multiple;291;0;1
unregister_model;292;2;1
from_model;293;0;1
from_model;294;0;1
render;295;1;1
remove_replaced_nodes;296;1;1
remove_replacement_node;297;1;1
forwards_plan;298;1;1
backwards_plan;299;1;1
ask_initial;300;1;1
ask_initial;301;1;1
_choice_input;302;1;1
_ask_default;303;1;1
load_disk;304;1;1
check_key;305;0;1
build_graph;306;0;1
ensure_schema;307;0;1
basedir;308;1;1
basedir;309;1;1
basedir;310;1;1
basedir;311;1;1
swappable_first_key;312;3;1
__new__;313;2;1
send_robust;314;1;1
cleanse_setting;315;0;1
cleanse_special_types;316;1;1
get_traceback_data;317;1;1
_get_lines_from_file;318;1;1
_get_lines_from_file;319;0;1
technical_404_response;320;1;1
technical_404_response;321;1;1
technical_404_response;322;1;1
csrf_failure;323;1;1
page_not_found;324;1;1
page_not_found;325;3;1
server_error;326;1;1
bad_request;327;1;1
permission_denied;328;1;1
directory_index;329;1;1
was_modified_since;330;3;1
paginate_queryset;331;1;1
paginate_queryset;332;2;1
get_template_names;333;1;1
get_redirect_url;334;1;1
get_success_url;335;1;1
get_year;336;1;1
get_year;337;1;1
get_month;338;1;1
get_month;339;1;1
get_day;340;1;1
get_day;341;1;1
get_week;342;1;1
get_week;343;1;1
_date_from_string;344;1;1
_get_next_prev;345;1;1
get_object;346;1;1
get_template_names;347;1;1
render;348;1;1
render;349;1;1
render;350;1;1
render;351;1;1
render;352;1;1
do_timezone;353;0;1
do_timezone;354;1;1
handle_simple;355;0;1
render;356;1;1
do_translate;357;1;1
do_translate;358;1;1
do_block_translate;359;2;1
do_block_translate;360;1;1
validate_number;361;1;1
count;362;1;1
__call__;363;0;1
__call__;364;1;1
__call__;365;1;1
__call__;366;0;1
__call__;367;1;1
validate_domain_part;368;1;1
validate_ipv46_address;369;0;1
validate_ipv46_address;370;0;1
ip_address_validators;371;1;1
get_internal_wsgi_application;372;1;1
_create_cache;373;1;1
_create_cache;374;1;1
_create_cache;375;0;1
__getitem__;376;1;2
_base_set;377;0;1
__init__;378;1;1
__init__;379;1;1
__init__;380;1;1
get;381;0;1
_delete;382;0;1
_createdir;383;0;1
incr;384;1;1
decr;385;1;1
get;386;1;1
get;387;2;1
has_key;388;2;1
_delete;389;1;1
_delete;390;1;1
_check_lazy_references;391;1;1
_samefile;392;1;1
file_move_safe;393;1;1
file_move_safe;394;0;1
close;395;0;1
close;396;0;1
_get_size_from_underlying_file;397;1;1
chunks;398;0;1
close;399;1;1
_save;400;0;1
_save;401;0;1
delete;402;0;1
get_image_dimensions;403;0;2
popen_wrapper;404;1;1
run_from_argv;405;0;1
check_migrations;406;1;2
handle;407;1;1
call_command;408;1;1
fetch_command;409;1;1
autocomplete;410;1;1
autocomplete;411;1;1
execute;412;1;1
execute;413;1;1
execute;414;0;1
execute;415;0;1
handle;416;0;1
handle;417;0;1
download;418;1;1
extract;419;1;1
inner_run;420;1;2
inner_run;421;1;1
handle;422;0;1
handle;423;0;1
handle_inspection;424;1;1
handle_inspection;425;1;1
handle_inspection;426;1;1
handle_inspection;427;1;1
get_field_type;428;1;1
handle;429;2;1
find_migration;430;1;2
is_writable;431;0;1
handle;432;0;1
handle;433;1;1
handle;434;1;1
handle;435;2;1
handle;436;1;1
handle;437;1;1
handle;438;1;1
handle;439;0;1
handle;440;4;1
handle;441;1;2
loaddata;442;0;1
load_label;443;6;1
load_label;444;0;1
handle;445;1;2
ipython;446;0;1
python;447;0;1
python;448;0;1
handle;449;1;1
handle;450;0;1
handle;451;0;1
handle;452;0;1
handle;453;1;1
process_locale_dir;454;0;1
handle;455;0;1
handle_merge;456;1;1
create_table;457;0;1
build_instance;458;1;1
register_serializer;459;1;1
Deserializer;460;0;2
Deserializer;461;1;1
Deserializer;462;1;1
Deserializer;463;1;1
Deserializer;464;2;1
Deserializer;465;1;1
_get_model;466;1;1
Deserializer;467;1;2
handle_field;468;0;1
_get_model_from_node;469;1;1
forbid_multi_line_headers;470;0;1
split_addr;471;0;1
sanitize_address;472;0;1
sanitize_address;473;1;1
attach_file;474;1;1
_create_attachment;475;0;1
open;476;2;1
close;477;0;2
_send;478;0;1
__init__;479;0;1
send_messages;480;1;1
load_middleware;481;1;1
load_middleware;482;1;1
get_response;483;0;1
_get_response;484;1;1
_get_response;485;1;1
convert_exception_to_response;486;1;1
get_exception_response;487;1;1
get_exception_response;488;1;1
__init__;489;0;1
__init__;490;1;1
__call__;491;1;1
templates;492;1;1
__getitem__;493;1;1
__getitem__;494;1;1
render;495;1;1
render;496;1;1
render;497;0;1
render;498;1;1
render;499;1;1
render;500;1;1
render;501;1;1
render;502;1;1
render;503;3;2
render;504;4;2
find_library;505;1;1
__init__;506;1;1
compile_nodelist;507;1;1
get_exception_info;508;1;1
parse;509;1;1
parse;510;1;1
parse;511;1;1
parse;512;1;1
__init__;513;1;1
resolve;514;1;1
__init__;515;1;1
__init__;516;1;1
_resolve_lookup;517;0;1
_resolve_lookup;518;1;1
_resolve_lookup;519;1;1
_resolve_lookup;520;1;1
_resolve_lookup;521;1;1
_resolve_lookup;522;0;1
render_annotated;523;1;1
render;524;1;1
floatformat;525;2;2
floatformat;526;1;1
floatformat;527;1;1
floatformat;528;1;1
floatformat;529;7;1
stringformat;530;1;1
truncatechars;531;1;1
truncatechars_html;532;1;1
truncatewords;533;1;1
truncatewords_html;534;1;1
_property_resolver;535;0;1
dictsort;536;1;1
dictsortreversed;537;1;1
first;538;1;1
join;539;1;1
last;540;1;1
length;541;1;1
length_is;542;1;1
slice_filter;543;2;1
unordered_list;544;1;1
unordered_list;545;1;1
unordered_list;546;0;1
add;547;1;1
add;548;1;1
get_digit;549;2;1
get_digit;550;1;1
date;551;1;1
date;552;1;1
time;553;1;1
time;554;1;1
timesince_filter;555;1;1
timeuntil_filter;556;1;1
yesno;557;1;1
filesizeformat;558;1;1
pluralize;559;0;2
pluralize;560;0;1
pprint;561;1;1
find_template;562;2;1
find_template;563;1;1
select_template;564;1;1
get_template;565;1;1
select_template;566;1;1
setdefault;567;1;1
infix;568;1;1
prefix;569;1;1
translate_token;570;1;1
parse_bits;571;0;1
import_library;572;1;1
import_library;573;1;1
pop;574;1;1
get_block;575;1;1
render;576;2;1
do_block;577;0;1
get_contents;578;1;1
load_template_source;579;1;1
get_template;580;1;1
load_template;581;1;1
get_contents;582;0;1
get_template_sources;583;1;1
load_template_source;584;1;1
get_contents;585;1;1
load_template_source;586;1;1
get_template;587;1;1
find_template;588;1;1
find_template;589;1;1
load_template;590;1;1
iter_template_filenames;591;0;1
get_template;592;1;2
get_template;593;1;1
render;594;1;1
get_installed_libraries;595;1;1
get_package_libraries;596;1;1
get_template;597;0;1
unquote;598;0;1
get_deleted_objects;599;1;1
collect;600;1;1
lookup_field;601;1;1
label_for_field;602;1;1
label_for_field;603;1;1
help_text_for_field;604;1;1
reverse_field_path;605;0;1
remove_trailing_data_field;606;0;1
wait_page_loaded;607;0;1
get_change_message;608;1;1
get_admin_url;609;1;1
contents;610;1;1
label_for_value;611;1;1
label_for_value;612;1;1
get_empty_value_display;613;1;1
lookup_allowed;614;1;1
to_field_allowed;615;1;1
get_form;616;1;1
get_object;617;2;1
get_action;618;1;1
message_user;619;1;1
response_action;620;1;1
response_action;621;0;1
get_changeform_initial_data;622;1;1
changelist_view;623;1;1
check_dependencies;624;1;1
_check_raw_id_fields_item;625;1;1
_check_field_spec_item;626;1;1
_check_filter_item;627;1;1
_check_radio_fields_key;628;1;1
_check_prepopulated_fields_key;629;1;1
_check_prepopulated_fields_value_item;630;0;1
_check_ordering_item;631;0;1
_check_readonly_fields_item;632;0;1
_check_list_display_item;633;1;1
_check_list_display_item;634;1;1
_check_list_display_item;635;0;1
_check_list_filter_item;636;0;1
_check_list_editable_item;637;1;1
_check_date_hierarchy;638;1;1
_check_relation;639;0;1
_build_app_dict;640;1;1
_build_app_dict;641;1;1
queryset;642;1;1
__init__;643;1;1
get_filters;644;1;1
get_results;645;1;1
get_ordering_field;646;2;1
get_ordering;647;3;1
get_ordering_field_columns;648;1;1
get_queryset;649;1;2
has_related_field_in_list_display;650;1;1
add_preserved_filters;651;1;1
items_for_result;652;1;1
items_for_result;653;1;1
process_response;654;1;1
process_response;655;1;1
check_token;656;1;1
check_token;657;1;1
get_password_validators;658;1;1
validate_password;659;0;1
__init__;660;1;1
is_password_usable;661;0;1
get_hasher;662;1;1
_load_library;663;1;1
verify;664;1;1
render;665;1;1
process_request;666;1;1
clean_username;667;1;1
_remove_invalid_user;668;1;1
authenticate;669;0;1
authenticate;670;1;1
login;671;1;1
get_user_model;672;1;2
get_user;673;2;1
authenticate;674;1;1
get_user;675;1;1
authenticate;676;1;1
_user_has_perm;677;0;1
_user_has_module_perms;678;0;1
password_reset_confirm;679;2;1
normalize_email;680;1;1
create_permissions;681;3;1
get_system_username;682;1;1
get_system_username;683;1;1
get_default_username;684;1;1
get_default_username;685;0;1
get_default_username;686;0;1
handle;687;1;1
handle;688;0;1
handle;689;1;1
handle;690;1;2
handle;691;0;1
handle;692;0;1
get_input_data;693;1;1
check_password;694;1;1
groups_for_user;695;1;1
register_hstore_handler;696;0;1
model;697;1;1
get_transform;698;1;1
get_transform;699;3;1
validate;700;0;1
run_validators;701;0;1
validate;702;0;1
as_sql;703;0;1
model;704;1;1
to_python;705;0;1
validate;706;0;1
run_validators;707;0;1
render;708;1;1
clean;709;0;1
to_python;710;1;1
bound_data;711;1;1
to_python;712;1;1
compress;713;1;1
hashed_name;714;1;1
post_process;715;1;1
read_manifest;716;0;1
load_manifest;717;1;1
get;718;1;1
__init__;719;1;1
find;720;0;1
get_response;721;1;1
local;722;0;1
clear_dir;723;1;1
delete_file;724;1;1
delete_file;725;1;1
link_file;726;0;1
link_file;727;0;3
process_response;728;3;1
process_response;729;0;1
load;730;2;1
create;731;0;1
save;732;0;2
delete;733;0;1
load;734;1;1
create;735;0;1
decode;736;2;1
is_empty;737;1;1
_get_session;738;1;1
get_expiry_age;739;1;1
get_expiry_age;740;1;1
get_expiry_date;741;1;1
get_expiry_date;742;1;1
set_expiry;743;1;1
load;744;1;1
_get_storage_path;745;1;1
load;746;0;1
load;747;1;1
create;748;0;1
save;749;2;1
save;750;2;1
delete;751;0;1
load;752;1;1
load;753;2;1
handle;754;0;1
ping_google;755;1;1
ping_google;756;1;1
__get;757;1;1
get_urls;758;1;1
sitemap;759;0;2
process_response;760;1;2
flatpage;761;1;1
_decode;762;1;1
ordinal;763;1;1
intcomma;764;0;1
intword;765;1;1
apnumber;766;1;1
naturalday;767;2;2
_check_field_name;768;1;1
_get_field_name;769;0;1
_get_site_by_request;770;1;1
clear_site_cache;771;1;1
clear_site_cache;772;1;1
create_default_site;773;1;1
parse_docstring;774;1;1
get_context_data;775;1;1
get_context_data;776;1;1
_get_view_func;777;1;2
get_context_data;778;1;1
get_context_data;779;1;1
get_context_data;780;0;1
get_context_data;781;1;1
extract_views_from_urlpatterns;782;1;1
extract_views_from_urlpatterns;783;0;1
feed;784;1;1
render;785;1;1
render;786;2;1
check_layer;787;1;1
check_layer;788;1;1
check_layer;789;0;1
check_layer;790;0;1
feature_kwargs;791;1;1
verify_ogr_field;792;1;1
verify_ogr_field;793;1;1
verify_fk;794;1;1
coord_transform;795;2;1
save;796;1;1
save;797;5;1
save;798;1;1
save;799;2;1
add_srs_entry;800;0;1
__init__;801;1;1
kml;802;1;1
kml;803;1;1
remove_field;804;0;1
create_spatial_indexes;805;0;1
srs;806;2;1
srs;807;2;1
__str__;808;1;1
get_new_connection;809;0;1
get_new_connection;810;0;1
delete_model;811;0;1
alter_db_table;812;0;1
spatial_version;813;1;1
get_geometry_type;814;1;1
get_geometry_type;815;1;1
spatial_version;816;1;1
_check_geo_field;817;1;1
srid;818;1;1
get_srid_info;819;1;1
get_raster_prep_value;820;1;1
get_raster_prep_value;821;1;1
get_prep_value;822;1;1
get_transform;823;2;1
__get__;824;1;1
__call__;825;0;1
handle;826;1;1
_make_feature;827;1;1
srs;828;2;1
_get_spatial_filter;829;1;1
__init__;830;1;1
__del__;831;0;1
__del__;832;0;1
_get_srs;833;2;1
__init__;834;2;1
__del__;835;0;1
srid;836;1;1
__del__;837;0;1
__del__;838;0;1
value;839;2;1
value;840;2;1
value;841;2;1
__init__;842;1;1
__del__;843;0;1
srs;844;2;1
statistics;845;1;1
__getitem__;846;1;1
deserialize;847;1;1
render;848;2;1
to_python;849;1;1
to_python;850;1;1
clean;851;0;1
has_changed;852;2;1
__del__;853;0;1
ogr;854;1;1
srs;855;1;1
__del__;856;0;1
__eq__;857;1;1
__lt__;858;1;1
_set_slice;859;0;1
_construct_ring;860;2;1
load_geos;861;1;1
notice_h;862;1;1
error_h;863;1;1
fromfile;864;1;1
__del__;865;0;1
__init__;866;3;1
__call__;867;1;1
item_link;868;1;1
_get_dynamic_attr;869;1;1
_get_dynamic_attr;870;1;1
get_feed;871;1;1
get_feed;872;1;1
get_by_natural_key;873;1;1
get_for_model;874;1;1
get_for_model;875;1;1
get_for_models;876;1;1
get_for_id;877;1;1
model_class;878;1;1
_check_object_id_field;879;0;1
_check_content_type_field;880;1;1
__get__;881;1;1
__get__;882;1;1
create_generic_related_manager;883;1;1
shortcut;884;2;1
shortcut;885;1;1
shortcut;886;1;1
shortcut;887;1;1
shortcut;888;1;1
_check_relation;889;0;1
_check_relation;890;0;1
_rename;891;1;1
_rename;892;0;1
inject_rename_contenttypes_operations;893;1;1
update_contenttypes;894;2;1
add_legacy_name;895;1;1
include;896;1;1
from_current_timezone;897;1;1
order_fields;898;1;1
__getitem__;899;1;1
_clean_fields;900;1;1
_clean_form;901;1;1
changed_data;902;1;1
_post_clean;903;1;1
_post_clean;904;0;1
validate_unique;905;0;1
_construct_form;906;1;1
add_fields;907;0;1
to_python;908;2;1
_check_values;909;1;1
_check_values;910;0;1
media_property;911;1;1
render;912;1;1
render;913;1;1
render;914;1;1
render;915;3;1
value_from_datadict;916;1;1
run_validators;917;0;1
has_changed;918;1;1
to_python;919;1;1
to_python;920;1;1
to_python;921;1;1
to_python;922;1;1
to_python;923;2;1
to_python;924;3;1
to_python;925;1;1
_coerce;926;1;1
_coerce;927;0;1
clean;928;1;1
clean;929;0;1
has_changed;930;1;1
__init__;931;0;1
to_python;932;1;1
_construct_form;933;1;1
full_clean;934;0;1
